-- 테이블명: member
INSERT INTO member (member_id, email, nickname, password, created_at, modified_at, title, content, location)
VALUES
  (1, 'john@example.com', 'John Doe', 'password123', '2023-06-15 10:30:00', '2023-06-15 10:30:00', 'Title 1', 'Content 1', 'Location 1'),
  (2, 'jane@example.com', 'Jane Smith', 'password456', '2023-06-15 11:45:00', '2023-06-15 11:45:00', 'Title 2', 'Content 2', 'Location 2'),
  (3, 'mark@example.com', 'Mark Johnson', 'password789', '2023-06-15 12:15:00', '2023-06-15 12:15:00', 'Title 3', 'Content 3', 'Location 3'),
  (4, 'alice@example.com', 'Alice Brown', 'password321', '2023-06-15 13:20:00', '2023-06-15 13:20:00', 'Title 4', 'Content 4', 'Location 4'),
  (5, 'michael@example.com', 'Michael Lee', 'password987', '2023-06-15 14:45:00', '2023-06-15 14:45:00', 'Title 5', 'Content 5', 'Location 5'),
  (6, 'sarah@example.com', 'Sarah Wilson', 'password654', '2023-06-15 15:30:00', '2023-06-15 15:30:00', 'Title 6', 'Content 6', 'Location 6'),
  (7, 'peter@example.com', 'Peter Davis', 'password789', '2023-06-15 16:15:00', '2023-06-15 16:15:00', 'Title 7', 'Content 7', 'Location 7'),
  (8, 'emily@example.com', 'Emily Johnson', 'password234', '2023-06-15 17:00:00', '2023-06-15 17:00:00', 'Title 8', 'Content 8', 'Location 8'),
  (9, 'david@example.com', 'David Smith', 'password567', '2023-06-15 18:15:00', '2023-06-15 18:15:00', 'Title 9', 'Content 9', 'Location 9'),
  (10, 'olivia@example.com', 'Olivia Brown', 'password890', '2023-06-15 19:30:00', '2023-06-15 19:30:00', 'Title 10', 'Content 10', 'Location 10'),
  (11, 'james@example.com', 'James Wilson', 'password123', '2023-06-15 20:45:00', '2023-06-15 20:45:00', 'Title 11', 'Content 11', 'Location 11'),
  (12, 'sophia@example.com', 'Sophia Davis', 'password456', '2023-06-15 21:00:00', '2023-06-15 21:00:00', 'Title 12', 'Content 12', 'Location 12'),
  (13, 'ethan@example.com', 'Ethan Johnson', 'password789', '2023-06-15 22:15:00', '2023-06-15 22:15:00', 'Title 13', 'Content 13', 'Location 13'),
  (14, 'ava@example.com', 'Ava Smith', 'password321', '2023-06-15 23:30:00', '2023-06-15 23:30:00', 'Title 14', 'Content 14', 'Location 14'),
  (15, 'noah@example.com', 'Noah Wilson', 'password987', '2023-06-16 00:45:00', '2023-06-16 00:45:00', 'Title 15', 'Content 15', 'Location 15'),
  (16, 'mia@example.com', 'Mia Johnson', 'password654', '2023-06-16 01:15:00', '2023-06-16 01:15:00', 'Title 16', 'Content 16', 'Location 16'),
  (17, 'william@example.com', 'William Brown', 'password789', '2023-06-16 02:30:00', '2023-06-16 02:30:00', 'Title 17', 'Content 17', 'Location 17'),
  (18, 'harper@example.com', 'Harper Davis', 'password234', '2023-06-16 03:45:00', '2023-06-16 03:45:00', 'Title 18', 'Content 18', 'Location 18'),
  (19, 'logan@example.com', 'Logan Smith', 'password567', '2023-06-16 04:30:00', '2023-06-16 04:30:00', 'Title 19', 'Content 19', 'Location 19'),
  (20, 'amelia@example.com', 'Amelia Wilson', 'password890', '2023-06-16 05:15:00', '2023-06-16 05:15:00', 'Title 20', 'Content 20', 'Location 20');
-- 테이블명: question
INSERT INTO question (question_id, member_id, title, content, created_at, modified_at, views)
VALUES
  (1, 1, 'Question 1', 'Content 1', '2023-06-15 10:30:00', '2023-06-15 10:30:00', 10),
  (2, 2, 'Question 2', 'Content 2', '2023-06-15 11:45:00', '2023-06-15 11:45:00', 5),
  (3, 3, 'Question 3', 'Content 3', '2023-06-15 12:15:00', '2023-06-15 12:15:00', 8),
  (4, 4, 'Question 4', 'Content 4', '2023-06-15 13:20:00', '2023-06-15 13:20:00', 12),
  (5, 5, 'Question 5', 'Content 5', '2023-06-15 14:45:00', '2023-06-15 14:45:00', 3),
  (6, 6, 'Question 6', 'Content 6', '2023-06-15 15:30:00', '2023-06-15 15:30:00', 20),
  (7, 7, 'Question 7', 'Content 7', '2023-06-15 16:15:00', '2023-06-15 16:15:00', 15),
  (8, 8, 'Question 8', 'Content 8', '2023-06-15 17:00:00', '2023-06-15 17:00:00', 6),
  (9, 9, 'Question 9', 'Content 9', '2023-06-15 18:15:00', '2023-06-15 18:15:00', 9),
  (10, 10, 'Question 10', 'Content 10', '2023-06-15 19:30:00', '2023-06-15 19:30:00', 18),
  (11, 11, 'Question 11', 'Content 11', '2023-06-15 20:45:00', '2023-06-15 20:45:00', 7),
  (12, 12, 'Question 12', 'Content 12', '2023-06-15 21:00:00', '2023-06-15 21:00:00', 13),
  (13, 13, 'Question 13', 'Content 13', '2023-06-15 22:15:00', '2023-06-15 22:15:00', 4),
  (14, 14, 'Question 14', 'Content 14', '2023-06-15 23:30:00', '2023-06-15 23:30:00', 11),
  (15, 15, 'Question 15', 'Content 15', '2023-06-16 00:45:00', '2023-06-16 00:45:00', 16),
  (16, 16, 'Question 16', 'Content 16', '2023-06-16 01:15:00', '2023-06-16 01:15:00', 2),
  (17, 17, 'Question 17', 'Content 17', '2023-06-16 02:30:00', '2023-06-16 02:30:00', 14),
  (18, 18, 'Question 18', 'Content 18', '2023-06-16 03:45:00', '2023-06-16 03:45:00', 19),
  (19, 19, 'Question 19', 'Content 19', '2023-06-16 04:30:00', '2023-06-16 04:30:00', 8),
  (20, 20, 'Question 20', 'Content 20', '2023-06-16 05:15:00', '2023-06-16 05:15:00', 5);
-- 테이블명: answer
INSERT INTO answer (answer_id, question_id, member_id, content, created_at, modified_at)
VALUES
  (1, 1, 1, 'Answer 1', '2023-06-15 10:30:00', '2023-06-15 10:30:00'),
  (2, 1, 2, 'Answer 2', '2023-06-15 11:45:00', '2023-06-15 11:45:00'),
  (3, 2, 3, 'Answer 3', '2023-06-15 12:15:00', '2023-06-15 12:15:00'),
  (4, 2, 4, 'Answer 4', '2023-06-15 13:20:00', '2023-06-15 13:20:00'),
  (5, 3, 5, 'Answer 5', '2023-06-15 14:45:00', '2023-06-15 14:45:00'),
  (6, 3, 6, 'Answer 6', '2023-06-15 15:30:00', '2023-06-15 15:30:00'),
  (7, 4, 7, 'Answer 7', '2023-06-15 16:15:00', '2023-06-15 16:15:00'),
  (8, 4, 8, 'Answer 8', '2023-06-15 17:00:00', '2023-06-15 17:00:00'),
  (9, 5, 9, 'Answer 9', '2023-06-15 18:15:00', '2023-06-15 18:15:00'),
  (10, 5, 10, 'Answer 10', '2023-06-15 19:30:00', '2023-06-15 19:30:00'),
  (11, 6, 11, 'Answer 11', '2023-06-15 20:45:00', '2023-06-15 20:45:00'),
  (12, 6, 12, 'Answer 12', '2023-06-15 21:00:00', '2023-06-15 21:00:00'),
  (13, 7, 13, 'Answer 13', '2023-06-15 22:15:00', '2023-06-15 22:15:00'),
  (14, 7, 14, 'Answer 14', '2023-06-15 23:30:00', '2023-06-15 23:30:00'),
  (15, 8, 15, 'Answer 15', '2023-06-16 00:45:00', '2023-06-16 00:45:00'),
  (16, 8, 16, 'Answer 16', '2023-06-16 01:15:00', '2023-06-16 01:15:00'),
  (17, 9, 17, 'Answer 17', '2023-06-16 02:30:00', '2023-06-16 02:30:00'),
  (18, 9, 18, 'Answer 18', '2023-06-16 03:45:00', '2023-06-16 03:45:00'),
  (19, 10, 19, 'Answer 19', '2023-06-16 04:30:00', '2023-06-16 04:30:00'),
  (20, 10, 20, 'Answer 20', '2023-06-16 05:15:00', '2023-06-16 05:15:00');
-- 테이블명: comment
INSERT INTO comment (comment_id, member_id, question_id, content, created_at, modified_at)
VALUES
  (1, 1, 1, 'Comment 1', '2023-06-15 10:30:00', '2023-06-15 10:30:00'),
  (2, 1, 2, 'Comment 2', '2023-06-15 11:45:00', '2023-06-15 11:45:00'),
  (3, 2, 1, 'Comment 3', '2023-06-15 12:15:00', '2023-06-15 12:15:00'),
  (4, 3, 2, 'Comment 4', '2023-06-15 13:20:00', '2023-06-15 13:20:00'),
  (5, 4, 3, 'Comment 5', '2023-06-15 14:45:00', '2023-06-15 14:45:00'),
  (6, 5, 3, 'Comment 6', '2023-06-15 15:30:00', '2023-06-15 15:30:00'),
  (7, 6, 4, 'Comment 7', '2023-06-15 16:15:00', '2023-06-15 16:15:00'),
  (8, 6, 5, 'Comment 8', '2023-06-15 17:00:00', '2023-06-15 17:00:00'),
  (9, 7, 6, 'Comment 9', '2023-06-15 18:15:00', '2023-06-15 18:15:00'),
  (10, 8, 7, 'Comment 10', '2023-06-15 19:30:00', '2023-06-15 19:30:00'),
  (11, 9, 8, 'Comment 11', '2023-06-15 20:45:00', '2023-06-15 20:45:00'),
  (12, 9, 9, 'Comment 12', '2023-06-15 21:00:00', '2023-06-15 21:00:00'),
  (13, 10, 10, 'Comment 13', '2023-06-15 22:15:00', '2023-06-15 22:15:00'),
  (14, 10, 10, 'Comment 14', '2023-06-15 23:30:00', '2023-06-15 23:30:00'),
  (15, 11, 11, 'Comment 15', '2023-06-16 00:45:00', '2023-06-16 00:45:00'),
  (16, 12, 12, 'Comment 16', '2023-06-16 01:15:00', '2023-06-16 01:15:00'),
  (17, 12, 12, 'Comment 17', '2023-06-16 02:30:00', '2023-06-16 02:30:00'),
  (18, 13, 13, 'Comment 18', '2023-06-16 03:45:00', '2023-06-16 03:45:00'),
  (19, 14, 14, 'Comment 19', '2023-06-16 04:30:00', '2023-06-16 04:30:00'),
  (20, 14, 15, 'Comment 20', '2023-06-16 05:15:00', '2023-06-16 05:15:00');